{
  "project_info": {
    "project_number": "693059304801",
    "project_id": "edurise-2a707",
    "storage_bucket": "edurise-2a707.appspot.com"
  },
  "client": [
    {
      "client_info": {
        "mobilesdk_app_id": "1:693059304801:android:e369eb9013525caf7c9920",
        "android_client_info": {
          "package_name": "com.example.edurise"
        }
      },
      "oauth_client": [
        {
          "client_id": "693059304801-5dpdf6eb2j6eocribheof7gmtpr9gut6.apps.googleusercontent.com",
          "client_type": 1,
          "android_info": {
            "package_name": "com.example.edurise",
            "certificate_hash": "35352f814f5ab9bad029215b74abb9f6b5d2898b"
          }
        },
        {
          "client_id": "693059304801-pig9d5tqq6ei0lu2ddod7h91renv32co.apps.googleusercontent.com",
          "client_type": 1,
          "android_info": {
            "package_name": "com.example.edurise",
            "certificate_hash": "46fa3b4d4382b7e08689428c5611ffa6c02721fa"
          }
        },
        {
          "client_id": "693059304801-u515rl9fu05s4mgivhfvmn5dl6bs2j3c.apps.googleusercontent.com",
          "client_type": 3
        }
      ],
      "api_key": [
        {
          "current_key": "AIzaSyD-xvljLx-SmmBqEisKjGX_53tjX2bVJjk"
        }
      ],
      "services": {
        "appinvite_service": {
          "other_platform_oauth_client": [
            {
              "client_id": "693059304801-u515rl9fu05s4mgivhfvmn5dl6bs2j3c.apps.googleusercontent.com",
              "client_type": 3
            }
          ]
        }
      }
    },
    {
      "client_info": {
        "mobilesdk_app_id": "1:693059304801:android:21d5460f68e6269f7c9920",
        "android_client_info": {
          "package_name": "me.arunodaykumar.edurise"
        }
      },
      "oauth_client": [
        {
          "client_id": "693059304801-cn8jhfteube8n4cnagr9hgjjt4r5t5f1.apps.googleusercontent.com",
          "client_type": 1,
          "android_info": {
            "package_name": "me.arunodaykumar.edurise",
            "certificate_hash": "46fa3b4d4382b7e08689428c5611ffa6c02721fa"
          }
        },
        {
          "client_id": "693059304801-dsj6vtab43042dp72ij2e46iaquirp7t.apps.googleusercontent.com",
          "client_type": 1,
          "android_info": {
            "package_name": "me.arunodaykumar.edurise",
            "certificate_hash": "3e86dcc0f6d7511bf5f5894150dfa79843e7e9e1"
          }
        },
        {
          "client_id": "693059304801-gn4os4n4v7soeg934mdk0tf3lmlleilq.apps.googleusercontent.com",
          "client_type": 1,
          "android_info": {
            "package_name": "me.arunodaykumar.edurise",
            "certificate_hash": "bec6b10d3c1cbf28db551d069ce9cf42fcb6fbb6"
          }
        },
        {
          "client_id": "693059304801-ld8eosknj9ikmhfknpr4imgcdgdirikg.apps.googleusercontent.com",
          "client_type": 1,
          "android_info": {
            "package_name": "me.arunodaykumar.edurise",
            "certificate_hash": "72fc84c75c22947a533159021351a039caa624bd"
          }
        },
        {
          "client_id": "693059304801-pi5h5j7u8hcbl22slip0joi0973ud4et.apps.googleusercontent.com",
          "client_type": 1,
          "android_info": {
            "package_name": "me.arunodaykumar.edurise",
            "certificate_hash": "04f37a366946986524f575012bacf38eec7123d2"
          }
        },
        {
          "client_id": "693059304801-pt2caeljk1s7qg0pljs5ahtdm98spbrq.apps.googleusercontent.com",
          "client_type": 1,
          "android_info": {
            "package_name": "me.arunodaykumar.edurise",
            "certificate_hash": "35352f814f5ab9bad029215b74abb9f6b5d2898b"
          }
        },
        {
          "client_id": "693059304801-u515rl9fu05s4mgivhfvmn5dl6bs2j3c.apps.googleusercontent.com",
          "client_type": 3
        }
      ],
      "api_key": [
        {
          "current_key": "AIzaSyD-xvljLx-SmmBqEisKjGX_53tjX2bVJjk"
        }
      ],
      "services": {
        "appinvite_service": {
          "other_platform_oauth_client": [
            {
              "client_id": "693059304801-u515rl9fu05s4mgivhfvmn5dl6bs2j3c.apps.googleusercontent.com",
              "client_type": 3
            }
          ]
        }
      }
    }
  ],
  "configuration_version": "1"
}